2015/01/05,17325,17540,17219,17409,2048970000000
2015/01/06,17101,17111,16881,16883,2688410000000
2015/01/07,16808,16974,16808,16885,2209530000000
2015/01/08,17067,17243,17016,17167,2471740000000
2015/01/09,17318,17342,17129,17198,2503200000000
2015/01/13,16970,17087,16828,17088,2204770000000
2015/01/14,16961,17036,16770,16796,2260210000000
2015/01/15,16872,17141,16856,17109,2506050000000
2015/01/16,16812,16864,16592,16864,2712300000000
2015/01/19,17000,17039,16911,17014,2039510000000
2015/01/20,17071,17366,17066,17366,2134830000000
2015/01/21,17308,17329,17181,17280,2187300000000
2015/01/22,17306,17355,17229,17329,1971080000000
2015/01/23,17520,17532,17460,17512,2084340000000
2015/01/26,17285,17471,17285,17468,1840600000000
2015/01/27,17649,17768,17633,17768,2186810000000
2015/01/28,17615,17850,17615,17796,2312640000000
2015/01/29,17666,17778,17575,17606,2413070000000
2015/01/30,17788,17808,17661,17674,2673630000000
2015/02/02,17536,17628,17459,17558,2296310000000
2015/02/03,17654,17654,17271,17336,2758190000000
2015/02/04,17549,17743,17535,17678,2727070000000
2015/02/05,17589,17619,17484,17505,2645400000000
2015/02/06,17696,17700,17603,17649,2212350000000
2015/02/09,17790,17799,17653,17712,2007550000000
2015/02/10,17662,17673,17550,17653,2004750000000
2015/02/12,17899,18005,17884,17980,2773250000000
2015/02/13,17892,17962,17864,17913,2562230000000
2015/02/16,18024,18074,17978,18005,2466670000000
2015/02/17,17949,18009,17901,17987,2316600000000
2015/02/18,18103,18202,18092,18199,2723870000000
2015/02/19,18237,18322,18237,18265,2653540000000
2015/02/20,18336,18360,18297,18332,2406150000000
2015/02/23,18499,18509,18402,18467,2491900000000
2015/02/24,18468,18603,18427,18603,2320210000000
2015/02/25,18636,18648,18552,18585,2212850000000
2015/02/26,18587,18790,18587,18786,2391900000000
2015/02/27,18844,18865,18714,18798,2720460000000
2015/03/02,18869,18939,18775,18827,2170280000000
2015/03/03,18910,18910,18730,18815,2315920000000
2015/03/04,18716,18732,18586,18704,2137320000000
2015/03/05,18658,18767,18655,18752,1824650000000
2015/03/06,18814,18979,18808,18971,2128440000000
2015/03/09,18872,18878,18733,18791,1797710000000
2015/03/10,18891,18924,18577,18665,2137760000000
2015/03/11,18604,18836,18583,18724,1926590000000
2015/03/12,18787,19008,18774,18991,2184490000000
2015/03/13,19119,19335,19042,19254,3198730000000
2015/03/16,19245,19349,19226,19246,1977100000000
2015/03/17,19425,19479,19373,19437,1942490000000
2015/03/18,19407,19555,19389,19544,2044690000000
2015/03/19,19514,19557,19312,19476,2266730000000
2015/03/20,19479,19565,19416,19560,2130140000000
2015/03/23,19607,19778,19584,19754,1885670000000
2015/03/24,19718,19770,19646,19713,2092060000000
2015/03/25,19745,19775,19542,19746,2146470000000
2015/03/26,19605,19623,19397,19471,2299150000000
2015/03/27,19374,19590,19099,19285,2568180000000
2015/03/30,19295,19474,19227,19411,2102200000000
2015/03/31,19592,19607,19206,19207,2364250000000
2015/04/01,19129,19195,18927,19035,2510310000000
2015/04/02,19141,19433,19115,19313,2387720000000
2015/04/03,19289,19435,19289,19435,1713510000000
2015/04/06,19295,19424,19241,19398,1592400000000
2015/04/07,19539,19667,19501,19641,2095450000000
2015/04/08,19729,19845,19693,19790,2291080000000
2015/04/09,19851,19957,19822,19938,1987840000000
2015/04/10,19989,20006,19845,19908,2045790000000
2015/04/13,19967,19975,19825,19905,1702470000000
2015/04/14,19828,19922,19828,19909,1733320000000
2015/04/15,19838,19913,19823,19870,1952810000000
2015/04/16,19862,19894,19742,19886,2540070000000
2015/04/17,19810,19815,19638,19653,2683280000000
2015/04/20,19501,19725,19474,19634,2084430000000
2015/04/21,19731,19909,19678,19909,2298190000000
2015/04/22,19999,20144,19983,20134,2795420000000
2015/04/23,20227,20252,20116,20188,2750470000000
2015/04/24,20142,20142,20013,20020,2139390000000
2015/04/27,20063,20069,19909,19983,1870040000000
2015/04/28,20068,20133,20031,20059,2087210000000
2015/04/30,19847,19852,19502,19520,2719490000000
2015/05/01,19510,19549,19399,19532,2231840000000
2015/05/07,19356,19461,19257,19292,2365670000000
2015/05/08,19315,19458,19302,19379,2565260000000
2015/05/11,19637,19679,19586,19621,2893770000000
2015/05/12,19608,19626,19467,19625,2731270000000
2015/05/13,19568,19791,19494,19765,2791590000000
2015/05/14,19661,19717,19546,19570,2574840000000
2015/05/15,19693,19750,19633,19733,2548720000000
2015/05/18,19766,19890,19741,19891,2764950000000
2015/05/19,19977,20087,19946,20026,2584230000000
2015/05/20,20175,20278,20148,20197,2570910000000
2015/05/21,20215,20320,20175,20203,2524980000000
2015/05/22,20208,20278,20130,20264,2074800000000
2015/05/25,20331,20417,20318,20414,2052480000000
2015/05/26,20431,20473,20378,20437,1913950000000
2015/05/27,20380,20513,20363,20473,2551800000000
2015/05/28,20590,20655,20473,20551,3119080000000
2015/05/29,20510,20636,20508,20563,3291900000000
2015/06/01,20444,20595,20410,20570,2490720000000
2015/06/02,20604,20619,20470,20543,2772650000000
2015/06/03,20443,20506,20397,20474,2406890000000
2015/06/04,20539,20552,20438,20488,2494940000000
2015/06/05,20398,20480,20363,20461,2332320000000
2015/06/08,20537,20544,20359,20457,2117080000000
2015/06/09,20293,20332,20095,20096,2366800000000
2015/06/10,20126,20264,20016,20046,2535220000000
2015/06/11,20183,20382,20178,20382,2118400000000
2015/06/12,20431,20437,20331,20407,2684020000000
2015/06/15,20205,20401,20205,20388,1704160000000
2015/06/16,20332,20368,20234,20258,1994410000000
2015/06/17,20306,20323,20126,20219,1887980000000
2015/06/18,20193,20200,19990,19991,2023960000000
2015/06/19,20152,20194,20075,20174,2405930000000
2015/06/22,20174,20433,20174,20428,2043640000000
2015/06/23,20547,20809,20531,20809,2831270000000
2015/06/24,20889,20952,20838,20868,2629450000000
2015/06/25,20777,20866,20758,20771,2080320000000
2015/06/26,20758,20785,20650,20706,2191270000000
2015/06/29,20305,20361,20093,20110,2538270000000
2015/06/30,20174,20243,20118,20236,2585000000000
2015/07/01,20291,20346,20225,20329,2166720000000
2015/07/02,20565,20601,20479,20523,2238530000000
2015/07/03,20476,20557,20431,20540,2178420000000
2015/07/06,20200,20310,20012,20112,2417720000000
2015/07/07,20354,20428,20337,20377,2225940000000
2015/07/08,20282,20310,19737,19738,3195570000000
2015/07/09,19422,19855,19115,19856,3711870000000
2015/07/10,19829,19978,19720,19780,2761930000000
2015/07/13,19929,20120,19911,20089,2053450000000
2015/07/14,20355,20435,20322,20385,2462680000000
2015/07/15,20478,20496,20401,20463,2044690000000
2015/07/16,20588,20612,20522,20600,2127560000000
2015/07/17,20646,20658,20611,20651,1873080000000
2015/07/21,20763,20850,20710,20842,1978400000000
2015/07/22,20657,20677,20576,20594,2161320000000
2015/07/23,20693,20708,20648,20684,1840870000000
2015/07/24,20603,20631,20527,20545,1798110000000
2015/07/27,20374,20486,20278,20350,1888050000000
2015/07/28,20188,20423,20070,20329,2166880000000
2015/07/29,20425,20425,20205,20303,2033920000000
2015/07/30,20450,20583,20443,20523,2598420000000
2015/07/31,20506,20585,20466,20585,2571850000000
2015/08/03,20540,20562,20396,20548,2412340000000
2015/08/04,20462,20552,20448,20520,2383400000000
2015/08/05,20490,20715,20469,20614,2584080000000
2015/08/06,20768,20817,20664,20664,2508780000000
2015/08/07,20601,20754,20567,20725,2313360000000
2015/08/10,20618,20820,20617,20809,2190900000000
2015/08/11,20920,20946,20582,20720,2425570000000
2015/08/12,20632,20703,20303,20393,2539690000000
2015/08/13,20392,20633,20306,20596,2420650000000
2015/08/14,20518,20605,20484,20519,2051330000000
2015/08/17,20600,20668,20541,20620,1708820000000
2015/08/18,20640,20663,20545,20554,1801150000000
2015/08/19,20467,20521,20218,20223,2099750000000
2015/08/20,20194,20246,20033,20033,2115570000000
2015/08/21,19711,19737,19435,19436,2765270000000
2015/08/24,19075,19154,18498,18541,3949330000000
2015/08/25,18171,18835,17747,17807,4740040000000
2015/08/26,17894,18442,17714,18377,3447390000000
2015/08/27,18680,18810,18486,18574,2820170000000
2015/08/28,18908,19192,18901,19136,2959770000000
2015/08/31,19006,19019,18749,18890,2473600000000
2015/09/01,18763,18777,18165,18166,2664280000000
2015/09/02,17861,18467,17857,18095,2939950000000
2015/09/03,18359,18481,18176,18182,2222370000000
2015/09/04,18312,18312,17608,17792,2652580000000
2015/09/07,17674,18013,17478,17860,2383810000000
2015/09/08,17941,17962,17415,17427,2234770000000
2015/09/09,17758,18770,17756,18771,2796000000000
2015/09/10,18418,18420,17956,18300,2447850000000
2015/09/11,18155,18362,18124,18264,2815070000000
2015/09/14,18341,18344,17925,17966,1845990000000
2015/09/15,18082,18329,17995,18026,2080330000000
2015/09/16,18238,18291,18094,18172,1888230000000
2015/09/17,18361,18468,18289,18432,1929350000000
2015/09/18,18275,18295,18069,18070,2408680000000
2015/09/24,17803,17865,17571,17572,2371900000000
2015/09/25,17618,17880,17483,17881,2642240000000
2015/09/28,17811,17886,17562,17645,1931390000000
2015/09/29,17359,17366,16901,16931,2794160000000
2015/09/30,17193,17460,17179,17388,2583150000000
2015/10/01,17479,17831,17389,17722,2314780000000
2015/10/02,17564,17775,17537,17725,1886800000000
2015/10/05,17921,18079,17869,18005,1896540000000
2015/10/06,18302,18372,18094,18186,2438360000000
2015/10/07,18168,18379,18043,18323,2328390000000
2015/10/08,18310,18400,18121,18141,2311540000000
2015/10/09,18281,18438,18184,18439,2549250000000
2015/10/13,18335,18359,18223,18235,2115240000000
2015/10/14,18106,18126,17831,17891,2434330000000
2015/10/15,17804,18170,17759,18096,2179780000000
2015/10/16,18300,18397,18238,18292,2031950000000
2015/10/19,18282,18314,18078,18131,1875440000000
2015/10/20,18245,18253,18147,18207,1781570000000
2015/10/21,18167,18605,18167,18554,2121660000000
2015/10/22,18443,18579,18376,18436,1842400000000
2015/10/23,18762,18915,18746,18825,2127850000000
2015/10/26,19036,19088,18937,18947,1810510000000
2015/10/27,18961,18964,18760,18777,1898760000000
2015/10/28,18826,18925,18815,18904,1719930000000
2015/10/29,19046,19080,18809,18936,2725570000000
2015/10/30,18924,19202,18784,19083,2668550000000
2015/11/02,18827,18861,18641,18684,2171620000000
2015/11/04,18941,19151,18926,18927,2694550000000
2015/11/05,19029,19167,18995,19116,2453890000000
2015/11/06,19194,19294,19164,19266,2036080000000
2015/11/09,19411,19684,19389,19643,2514720000000
2015/11/10,19457,19674,19457,19671,2069250000000
2015/11/11,19602,19724,19602,19691,2135340000000
2015/11/12,19644,19725,19597,19698,2097410000000
2015/11/13,19495,19601,19388,19597,2222620000000
2015/11/16,19263,19451,19252,19394,1787500000000
2015/11/17,19641,19726,19628,19631,2250500000000
2015/11/18,19771,19840,19643,19649,1937340000000
2015/11/19,19851,19959,19761,19860,2077550000000
2015/11/20,19800,19879,19715,19880,1844550000000
2015/11/24,19875,19954,19834,19925,2062090000000
2015/11/25,19856,19871,19786,19848,2007650000000
2015/11/26,19929,19992,19926,19944,1868270000000
2015/11/27,19994,19994,19831,19884,1851650000000
2015/11/30,19857,19867,19707,19747,2466930000000
2015/12/01,19799,20012,19797,20012,2050180000000
2015/12/02,19957,20002,19926,19938,1898070000000
2015/12/03,19894,19967,19862,19940,1863360000000
2015/12/04,19616,19660,19444,19504,2047190000000
2015/12/07,19710,19811,19677,19698,1657600000000
2015/12/08,19689,19764,19475,19493,1921850000000
2015/12/09,19391,19475,19260,19301,2043460000000
2015/12/10,19070,19125,19025,19046,1865610000000
2015/12/11,19020,19282,19020,19230,2405210000000
2015/12/14,18887,18911,18611,18883,2039120000000
2015/12/15,18869,18897,18562,18566,2068060000000
2015/12/16,18868,19054,18859,19049,2129140000000
2015/12/17,19364,19507,19325,19354,2248520000000
2015/12/18,19320,19869,18982,18987,2987510000000
2015/12/21,18845,18979,18651,18916,2355800000000
2015/12/22,18927,18943,18824,18886,1974590000000
2015/12/24,19071,19071,18780,18790,1987070000000
2015/12/25,18823,18870,18744,18769,1912880000000
2015/12/28,18838,18922,18764,18873,1555260000000
2015/12/29,18843,18991,18783,18982,1578730000000
2015/12/30,19070,19113,19017,19034,1490010000000
2016/01/04,18818,18951,18394,18451,1986570000000
2016/01/05,18398,18547,18327,18374,1923640000000
2016/01/06,18410,18469,18064,18191,2076180000000
2016/01/07,18139,18172,17767,17767,2374860000000
2016/01/08,17562,17975,17509,17698,2591240000000
2016/01/12,17470,17546,17184,17219,2635160000000
2016/01/13,17449,17717,17414,17716,2139090000000
2016/01/14,17384,17393,16944,17241,2600010000000
2016/01/15,17522,17597,17057,17147,2448750000000
2016/01/18,16826,17037,16665,16956,2230000000000
2016/01/19,16902,17088,16812,17048,2173180000000
2016/01/20,17030,17031,16387,16416,2566220000000
2016/01/21,16466,16734,16017,16017,3185940000000
2016/01/22,16336,16993,16332,16959,2604310000000
2016/01/25,17145,17208,16922,17111,2291700000000
2016/01/26,16833,16839,16652,16709,2157290000000
2016/01/27,16949,17242,16947,17164,2257570000000
2016/01/28,17059,17235,16942,17041,2145390000000
2016/01/29,17155,17638,16767,17518,4125050000000
2016/02/01,17699,17905,17666,17865,3502480000000
2016/02/02,17716,17864,17684,17751,2771480000000
2016/02/03,17497,17515,17080,17191,3103820000000
2016/02/04,17071,17209,16941,17045,3128410000000
2016/02/05,16790,16893,16627,16820,3389650000000
2016/02/08,16620,17099,16552,17004,2738030000000
2016/02/09,16666,16668,16025,16085,3173350000000
2016/02/10,16127,16163,15429,15713,3849030000000
2016/02/12,15426,15437,14865,14953,4704160000000
2016/02/15,15248,16155,15243,16023,3280180000000
2016/02/16,15849,16341,15809,16054,3158640000000
2016/02/17,16035,16214,15632,15836,2840080000000
2016/02/18,16138,16337,16118,16197,2628200000000
2016/02/19,16050,16050,15799,15967,2291460000000
2016/02/22,15851,16187,15816,16111,2037480000000
2016/02/23,16230,16350,16001,16052,2322180000000
2016/02/24,15851,16006,15753,15916,2205300000000
2016/02/25,15983,16218,15953,16140,2398600000000
2016/02/26,16311,16472,16188,16188,2163120000000
2016/02/29,16313,16464,16026,16027,2492810000000
2016/03/01,16013,16099,15857,16086,2224630000000
2016/03/02,16391,16815,16388,16747,2489770000000
2016/03/03,16695,16962,16691,16960,2744280000000
2016/03/04,16927,17042,16861,17015,2652720000000
2016/03/07,17024,17026,16894,16911,2216940000000
2016/03/08,16889,16909,16570,16783,2546330000000
2016/03/09,16625,16706,16494,16642,2249200000000
2016/03/10,16811,16887,16713,16852,1983260000000
2016/03/11,16610,17015,16575,16939,2761560000000
2016/03/14,17155,17291,17149,17234,2019760000000
2016/03/15,17219,17279,17042,17117,2093250000000
2016/03/16,16981,17102,16950,16974,1861490000000
2016/03/17,17107,17253,16814,16936,2207290000000
2016/03/18,16883,16920,16613,16725,2295800000000
2016/03/22,16937,17107,16851,17049,2014110000000
2016/03/23,17066,17142,16964,17001,1602100000000
2016/03/24,16979,17041,16843,16892,2001030000000
2016/03/25,16949,17026,16889,17003,1812000000000
2016/03/28,17129,17167,16961,17134,1845150000000
2016/03/29,16985,17137,16948,17104,1750850000000
2016/03/30,17078,17078,16875,16878,1911830000000
2016/03/31,16997,17033,16758,16759,2225490000000
2016/04/01,16719,16719,16113,16164,2579270000000
2016/04/04,16087,16238,16029,16123,2068490000000
2016/04/05,16044,16066,15698,15733,2233870000000
2016/04/06,15727,15828,15612,15715,2147270000000
2016/04/07,15739,15871,15636,15750,2112410000000
2016/04/08,15597,16027,15471,15822,2504580000000
2016/04/11,15761,15778,15525,15751,1826570000000
2016/04/12,15719,15963,15693,15929,2138320000000
2016/04/13,16142,16405,16132,16381,2255410000000
2016/04/14,16629,16911,16602,16911,2502730000000
2016/04/15,16720,16928,16720,16848,1985370000000
2016/04/18,16521,16526,16254,16276,2182060000000
2016/04/19,16582,16900,16570,16874,2097970000000
2016/04/20,17053,17099,16870,16907,2088360000000
2016/04/21,17187,17381,17144,17364,2283620000000
2016/04/22,17220,17572,17192,17572,3011110000000
2016/04/25,17613,17613,17403,17439,2349870000000
2016/04/26,17358,17426,17200,17353,2220420000000
2016/04/27,17369,17417,17230,17290,2040470000000
2016/04/28,17438,17572,16652,16666,3159320000000
2016/05/02,16357,16357,15975,16147,2495170000000
2016/05/06,16212,16271,15989,16107,2140940000000
2016/05/09,16226,16292,16159,16216,1718490000000
2016/05/10,16307,16587,16229,16565,2372820000000
2016/05/11,16736,16814,16536,16579,2128640000000
2016/05/12,16459,16658,16374,16646,2067710000000
2016/05/13,16804,16804,16400,16412,2501970000000
2016/05/16,16391,16632,16391,16466,1952080000000
2016/05/17,16618,16655,16509,16652,1784450000000
2016/05/18,16611,16795,16513,16645,2341970000000
2016/05/19,16807,16841,16590,16647,2018770000000
2016/05/20,16594,16770,16548,16736,1887270000000
2016/05/23,16671,16691,16417,16655,1730820000000
2016/05/24,16605,16605,16471,16499,1627830000000
2016/05/25,16764,16806,16731,16757,1618340000000
2016/05/26,16927,16957,16743,16772,1769430000000
2016/05/27,16830,16901,16792,16835,1805680000000
2016/05/30,16973,17068,16910,17068,1597730000000
2016/05/31,17029,17251,16988,17235,2528400000000
2016/06/01,17097,17145,16908,16956,1995280000000
2016/06/02,16817,16819,16525,16563,2075080000000
2016/06/03,16599,16716,16554,16642,1670490000000
2016/06/06,16373,16581,16322,16580,1870870000000
2016/06/07,16651,16701,16536,16675,1614680000000
2016/06/08,16722,16830,16581,16831,1666130000000
2016/06/09,16742,16785,16587,16668,1684040000000
2016/06/10,16637,16643,16496,16601,2207210000000
2016/06/13,16319,16335,16019,16019,1876310000000
2016/06/14,16001,16082,15762,15859,1976030000000
2016/06/15,15799,15997,15752,15920,1938420000000
2016/06/16,15871,15913,15395,15434,2209240000000
2016/06/17,15631,15774,15582,15600,2397380000000
2016/06/20,15839,16035,15835,15965,1844840000000
2016/06/21,15875,16202,15770,16169,1722320000000
2016/06/22,16095,16160,15980,16066,1615660000000
2016/06/23,16098,16263,16057,16238,1641880000000
2016/06/24,16333,16389,14864,14952,3623280000000
2016/06/27,15153,15323,15061,15309,2282850000000
2016/06/28,15094,15443,14987,15323,2495620000000
2016/06/29,15523,15626,15398,15567,2100880000000
2016/06/30,15752,15781,15575,15576,2129560000000
2016/07/01,15698,15765,15635,15682,1735920000000
2016/07/04,15554,15805,15553,15776,1579500000000
2016/07/05,15682,15702,15602,15669,1578470000000
2016/07/06,15434,15434,15167,15379,2216780000000
2016/07/07,15346,15418,15241,15276,1832930000000
2016/07/08,15326,15399,15106,15107,1845240000000
2016/07/11,15375,15816,15375,15709,1996680000000
2016/07/12,15961,16237,15956,16096,2605430000000
2016/07/13,16343,16444,16196,16231,2739430000000
2016/07/14,16242,16398,16229,16386,2053770000000
2016/07/15,16396,16607,16396,16498,2510780000000
2016/07/19,16612,16726,16514,16723,2010500000000
2016/07/20,16646,16692,16554,16682,1864410000000
2016/07/21,16855,16938,16740,16810,2006600000000
2016/07/22,16612,16691,16566,16627,1591040000000
2016/07/25,16655,16778,16612,16620,1685400000000
2016/07/26,16535,16535,16323,16383,1910840000000
2016/07/27,16526,16821,16526,16665,2239080000000
2016/07/28,16596,16616,16450,16477,1897710000000
2016/07/29,16359,16679,16174,16569,3188740000000
2016/08/01,16415,16677,16319,16636,2404090000000
2016/08/02,16469,16541,16391,16391,1974290000000
2016/08/03,16227,16275,16056,16083,2240690000000
2016/08/04,16168,16270,15921,16255,2275590000000
2016/08/05,16278,16355,16230,16254,1889570000000
2016/08/08,16462,16652,16455,16651,2117480000000
2016/08/09,16632,16779,16630,16765,1892470000000
2016/08/10,16699,16822,16657,16735,1700310000000
2016/08/12,16877,16943,16818,16920,1772920000000
2016/08/15,16866,16932,16844,16870,1243770000000
2016/08/16,16878,16887,16596,16597,1614580000000
2016/08/17,16596,16772,16596,16746,1751820000000
2016/08/18,16649,16714,16481,16486,1876090000000
2016/08/19,16558,16613,16452,16546,1752990000000
2016/08/22,16599,16631,16540,16598,1408190000000
2016/08/23,16549,16663,16452,16497,1582540000000
2016/08/24,16550,16648,16544,16597,1322870000000
2016/08/25,16580,16628,16520,16556,1349190000000
2016/08/26,16485,16490,16320,16361,1546080000000
2016/08/29,16631,16764,16616,16737,1616670000000
2016/08/30,16690,16752,16677,16725,1549530000000
2016/08/31,16857,16917,16836,16887,2089280000000
2016/09/01,16885,16941,16864,16927,1843740000000
2016/09/02,16903,16946,16848,16926,1644630000000
2016/09/05,17131,17156,17009,17038,1750100000000
2016/09/06,17035,17097,17022,17082,1542670000000
2016/09/07,16937,17024,16903,17012,1915840000000
2016/09/08,16984,17001,16836,16959,1672420000000
2016/09/09,16994,17029,16902,16966,1764690000000
2016/09/12,16748,16802,16601,16673,1617840000000
2016/09/13,16764,16787,16658,16729,1423700000000
2016/09/14,16632,16706,16585,16614,1664040000000
2016/09/15,16512,16528,16359,16405,1673560000000
2016/09/16,16458,16532,16415,16519,1894250000000
2016/09/20,16403,16591,16403,16492,1795590000000
2016/09/21,16471,16823,16399,16808,2589020000000
2016/09/23,16759,16808,16725,16754,1963320000000
2016/09/26,16707,16707,16514,16545,1526350000000
2016/09/27,16390,16683,16285,16684,2239210000000
2016/09/28,16504,16515,16385,16465,1643820000000
2016/09/29,16606,16756,16584,16694,1760920000000
2016/09/30,16474,16497,16407,16450,1819580000000
2016/10/03,16566,16652,16554,16599,1496840000000
2016/10/04,16661,16747,16637,16736,1562820000000
2016/10/05,16787,16844,16728,16819,1720750000000
2016/10/06,16913,16971,16888,16899,1702440000000
2016/10/07,16883,16895,16820,16860,1512290000000
2016/10/11,16936,17074,16931,17025,1665160000000
2016/10/12,16850,16951,16839,16840,1715620000000
2016/10/13,16923,16974,16739,16774,1659510000000
2016/10/14,16751,16866,16727,16856,1626160000000
2016/10/17,16871,16954,16821,16900,1527030000000
2016/10/18,16862,16966,16844,16964,1531820000000
2016/10/19,16952,17016,16938,16999,1561100000000
2016/10/20,16999,17235,16992,17236,1851080000000
2016/10/21,17283,17288,17151,17185,1827500000000
2016/10/24,17216,17244,17162,17234,1407130000000
2016/10/25,17298,17381,17298,17365,1762220000000
2016/10/26,17329,17391,17295,17392,1589040000000
2016/10/27,17346,17414,17278,17336,1701200000000
2016/10/28,17448,17461,17406,17446,2628810000000
2016/10/31,17360,17433,17327,17425,2242630000000
2016/11/01,17380,17473,17339,17442,1906020000000
2016/11/02,17238,17283,17080,17135,2056340000000
2016/11/04,16964,16996,16801,16905,2056810000000
2016/11/07,17126,17186,17056,17177,1761630000000
2016/11/08,17242,17247,17130,17171,1659710000000
2016/11/09,17281,17427,16111,16252,3810190000000
2016/11/10,16562,17393,16560,17344,3200330000000
2016/11/11,17526,17621,17333,17375,3395440000000
2016/11/14,17467,17697,17455,17673,2527660000000
2016/11/15,17690,17727,17605,17668,2494860000000
2016/11/16,17832,17886,17807,17862,2726660000000
2016/11/17,17766,17884,17764,17863,2370120000000
2016/11/18,18024,18043,17967,17967,2541060000000
2016/11/21,18038,18129,18007,18106,2070740000000
2016/11/22,18091,18175,18050,18163,1960900000000
2016/11/24,18329,18382,18310,18333,2367530000000
2016/11/25,18387,18482,18288,18381,2492780000000
2016/11/28,18302,18374,18222,18357,2185690000000
2016/11/29,18263,18327,18258,18307,1956010000000
2016/11/30,18356,18370,18280,18308,2671160000000
2016/12/01,18535,18746,18469,18513,2821410000000
2016/12/02,18435,18469,18315,18427,2833400000000
2016/12/05,18349,18365,18227,18275,2068000000000
2016/12/06,18457,18484,18318,18361,2391360000000
2016/12/07,18434,18502,18410,18497,2400660000000
2016/12/08,18674,18765,18614,18765,2818600000000
2016/12/09,18839,19042,18821,18996,3131960000000
2016/12/12,19183,19280,19054,19155,2955500000000
2016/12/13,19120,19253,19060,19251,2313000000000
2016/12/14,19270,19284,19184,19254,2045110000000
2016/12/15,19327,19436,19192,19274,2324630000000
2016/12/16,19438,19439,19360,19401,2310080000000
2016/12/19,19345,19399,19307,19392,1737430000000
2016/12/20,19367,19511,19356,19495,1929720000000
2016/12/21,19547,19592,19375,19444,2102490000000
2016/12/22,19396,19427,19327,19428,1871380000000
2016/12/26,19394,19432,19385,19397,1441860000000
2016/12/27,19353,19478,19352,19403,1749650000000
2016/12/28,19392,19442,19364,19402,1311430000000
2016/12/29,19301,19301,19092,19145,2249140000000
2016/12/30,18997,19176,18991,19114,1667860000000
2017/01/04,19298,19594,19277,19594,2375730000000
2017/01/05,19602,19615,19473,19521,2046380000000
2017/01/06,19393,19472,19354,19454,1861890000000
2017/01/10,19414,19484,19255,19301,1894670000000
2017/01/11,19358,19402,19325,19365,1944330000000
2017/01/12,19300,19300,19069,19135,2007000000000
2017/01/13,19174,19299,19156,19287,1600200000000
2017/01/16,19219,19255,19061,19095,1469550000000
2017/01/17,19038,19043,18812,18814,1710560000000
2017/01/18,18753,18941,18650,18894,1818260000000
2017/01/19,19082,19122,18982,19072,2254440000000
2017/01/20,19059,19176,19040,19138,1791400000000
2017/01/23,18938,19024,18879,18891,1777700000000
2017/01/24,18817,18915,18783,18788,1866880000000
2017/01/25,19091,19133,18987,19058,1934340000000
2017/01/26,19260,19405,19232,19402,2300000000000
2017/01/27,19453,19486,19404,19467,1947160000000
2017/01/30,19371,19390,19295,19369,1532740000000
2017/01/31,19145,19199,19041,19041,1997460000000
2017/02/01,18926,19155,18916,19148,2032170000000
2017/02/02,19152,19170,18866,18915,2128180000000
2017/02/03,18996,19061,18830,18918,2116970000000
2017/02/06,19069,19075,18899,18977,1797660000000
2017/02/07,18844,18970,18805,18911,1694480000000
2017/02/08,18951,19009,18875,19007,1641710000000
2017/02/09,18942,18991,18874,18908,1933510000000
2017/02/10,19216,19395,19193,19379,2242750000000
2017/02/13,19513,19519,19418,19459,1880560000000
2017/02/14,19478,19501,19232,19239,2104660000000
2017/02/15,19438,19495,19420,19438,2104590000000
2017/02/16,19431,19431,19260,19348,2027940000000
2017/02/17,19228,19275,19173,19235,2029290000000
2017/02/20,19161,19274,19115,19251,1497390000000
2017/02/21,19267,19395,19261,19381,1528430000000
2017/02/22,19419,19419,19329,19380,2174800000000
2017/02/23,19379,19379,19262,19371,1961060000000
2017/02/24,19232,19381,19219,19284,2112830000000
2017/02/27,19130,19178,18995,19107,1838330000000
2017/02/28,19194,19267,19118,19119,1984000000000
2017/03/01,19226,19414,19164,19394,1993640000000
2017/03/02,19624,19668,19564,19565,2210380000000
2017/03/03,19551,19587,19392,19469,1717450000000
2017/03/06,19409,19411,19340,19379,1408970000000
2017/03/07,19337,19375,19317,19344,1575960000000
2017/03/08,19308,19326,19198,19254,1626030000000
2017/03/09,19343,19350,19262,19319,1595020000000
2017/03/10,19444,19623,19427,19605,2267160000000
2017/03/13,19545,19656,19531,19634,1471800000000
2017/03/14,19634,19637,19599,19610,1758240000000
2017/03/15,19528,19581,19503,19577,1650200000000
2017/03/16,19458,19618,19454,19590,1796510000000
2017/03/17,19510,19547,19487,19522,2013610000000
2017/03/21,19416,19485,19337,19456,1597180000000
2017/03/22,19146,19183,19026,19041,2055530000000
2017/03/23,19048,19105,18973,19085,1759630000000
2017/03/24,19066,19296,19060,19263,1821740000000
2017/03/27,19071,19086,18932,18986,1762930000000
2017/03/28,19159,19203,19113,19203,1900130000000
2017/03/29,19216,19251,19164,19217,1751400000000
2017/03/30,19150,19218,19043,19063,1849410000000
2017/03/31,19170,19210,18909,18909,2222230000000
2017/04/03,18988,19068,18920,18983,2015020000000
2017/04/04,18933,18947,18703,18810,2260500000000
2017/04/05,18900,18941,18773,18861,1892160000000
2017/04/06,18754,18797,18532,18597,2068300000000
2017/04/07,18714,18785,18517,18665,2401450000000
2017/04/10,18800,18850,18762,18798,1732340000000
2017/04/11,18717,18767,18661,18748,1691170000000
2017/04/12,18592,18602,18460,18553,1924070000000
2017/04/13,18391,18455,18304,18427,1958680000000
2017/04/14,18531,18531,18285,18336,1838850000000
2017/04/17,18239,18361,18224,18355,1454290000000
2017/04/18,18497,18547,18362,18419,1575220000000
2017/04/19,18327,18467,18327,18432,1952910000000
2017/04/20,18446,18523,18420,18430,1841060000000
2017/04/21,18591,18648,18542,18621,1862440000000
2017/04/24,18890,18910,18840,18876,1921190000000
2017/04/25,18872,19109,18867,19079,1948680000000
2017/04/26,19184,19289,19170,19289,2035530000000
2017/04/27,19205,19281,19199,19252,1970200000000
2017/04/28,19240,19264,19164,19197,1996530000000
2017/05/01,19154,19311,19144,19310,1760860000000
2017/05/02,19335,19464,19335,19446,1862940000000
2017/05/08,19709,19929,19705,19896,2408080000000
2017/05/09,19915,19917,19838,19843,1990900000000
2017/05/10,19890,19938,19866,19900,2169890000000
2017/05/11,19943,19989,19906,19962,2292020000000
2017/05/12,19941,19941,19809,19884,2248620000000
2017/05/15,19753,19869,19740,19870,2155770000000
2017/05/16,19953,19998,19862,19920,2174250000000
2017/05/17,19806,19842,19764,19815,1964470000000
2017/05/18,19556,19601,19449,19554,2184630000000
2017/05/19,19591,19628,19497,19591,1908630000000
2017/05/22,19670,19722,19618,19678,1467410000000
2017/05/23,19647,19693,19585,19613,1543760000000
2017/05/24,19777,19782,19690,19743,1728230000000
2017/05/25,19737,19850,19720,19813,1677270000000
2017/05/26,19798,19801,19686,19687,1563610000000
2017/05/29,19697,19736,19627,19683,1274530000000
2017/05/30,19681,19691,19570,19678,1326030000000
2017/05/31,19630,19673,19589,19651,2018980000000
2017/06/01,19692,19887,19686,19860,1738300000000
2017/06/02,19970,20239,19967,20177,2315120000000
2017/06/05,20135,20224,20104,20171,1648110000000
2017/06/06,20122,20152,19948,19980,1704820000000
2017/06/07,19951,20023,19908,19985,1718170000000
2017/06/08,20048,20061,19896,19909,1983750000000
2017/06/09,19953,20096,19927,20013,2263870000000
2017/06/12,19920,19949,19837,19909,1785760000000
2017/06/13,19859,19929,19850,19899,1614380000000
2017/06/14,19974,20009,19879,19884,1701270000000
2017/06/15,19815,19963,19755,19832,1881920000000
2017/06/16,19931,20015,19884,19943,2285560000000
2017/06/19,19974,20087,19949,20068,1484690000000
2017/06/20,20234,20318,20227,20230,1836540000000
2017/06/21,20192,20215,20117,20139,1634360000000
2017/06/22,20154,20191,20107,20111,1550400000000
2017/06/23,20152,20152,20089,20133,1532200000000
2017/06/26,20132,20196,20119,20153,1395600000000
2017/06/27,20229,20250,20185,20225,1573970000000
2017/06/28,20149,20224,20110,20130,1920070000000
2017/06/29,20260,20266,20197,20220,1950410000000
2017/06/30,20025,20044,19946,20033,1968970000000
2017/07/03,20056,20096,20030,20056,1601090000000
2017/07/04,20192,20197,19971,20032,1857720000000
2017/07/05,20015,20087,19888,20082,1794610000000
2017/07/06,20061,20078,19947,19994,1683080000000
2017/07/07,19856,19979,19856,19929,1653750000000
2017/07/10,20070,20127,20023,20081,1540250000000
2017/07/11,20073,20200,20070,20195,1436210000000
2017/07/12,20137,20153,20061,20098,1480420000000
2017/07/13,20177,20183,20062,20100,1739570000000
2017/07/14,20157,20163,20101,20119,2043290000000
2017/07/18,20074,20081,19943,20000,1817250000000
2017/07/19,19970,20032,19947,20021,1641420000000
2017/07/20,20046,20157,20032,20145,1650970000000
2017/07/21,20089,20135,20081,20100,1534020000000
2017/07/24,19973,20002,19901,19976,1561430000000
2017/07/25,19979,20036,19941,19955,1497560000000
2017/07/26,20098,20116,20016,20050,1727770000000
2017/07/27,20026,20176,20005,20080,1837160000000
2017/07/28,20048,20056,19926,19960,2028090000000
2017/07/31,19933,19983,19891,19925,2334550000000
2017/08/01,19907,20000,19904,19986,1944530000000
2017/08/02,20057,20113,20022,20080,1718450000000
2017/08/03,20066,20070,19985,20029,1680630000000
2017/08/04,19949,19984,19933,19952,1515000000000
2017/08/07,20059,20085,20037,20056,1505900000000
2017/08/08,20062,20076,19970,19996,1652360000000
2017/08/09,19928,19945,19660,19739,2066310000000
2017/08/10,19792,19829,19685,19730,1964130000000
2017/08/14,19545,19598,19486,19537,1959110000000
2017/08/15,19689,19824,19656,19753,1650800000000
2017/08/16,19750,19776,19719,19729,1435390000000
2017/08/17,19707,19739,19679,19703,1436190000000
2017/08/18,19471,19543,19433,19470,1671730000000
2017/08/21,19509,19509,19365,19393,1406900000000
2017/08/22,19373,19437,19361,19384,1314910000000
2017/08/23,19547,19561,19408,19435,1453320000000
2017/08/24,19366,19428,19351,19354,1442220000000
2017/08/25,19401,19485,19384,19453,1343610000000
2017/08/28,19502,19535,19420,19450,1344920000000
2017/08/29,19319,19371,19280,19363,1387000000000
2017/08/30,19480,19538,19435,19507,1705300000000
2017/08/31,19591,19687,19583,19646,1770350000000
2017/09/01,19733,19735,19620,19691,1630440000000
2017/09/04,19615,19628,19479,19508,1595790000000
2017/09/05,19533,19542,19354,19386,1640260000000
2017/09/06,19286,19371,19254,19358,1665530000000
2017/09/07,19433,19482,19365,19397,1526480000000
2017/09/08,19297,19357,19239,19275,1860420000000
2017/09/11,19441,19567,19437,19546,1498640000000
2017/09/12,19736,19792,19718,19777,1654760000000
2017/09/13,19873,19888,19845,19866,1605110000000
2017/09/14,19860,19918,19793,19807,1662500000000
2017/09/15,19793,19933,19787,19910,1986440000000
2017/09/19,20128,20320,20122,20299,2044590000000
2017/09/20,20301,20339,20272,20310,1756570000000
2017/09/21,20456,20481,20332,20347,1973910000000
2017/09/22,20413,20417,20249,20296,1693710000000
2017/09/25,20439,20454,20367,20398,1529920000000
2017/09/26,20349,20385,20303,20330,1780310000000
2017/09/27,20269,20278,20213,20267,1202270000000
2017/09/28,20398,20399,20299,20363,1603580000000
2017/09/29,20315,20370,20285,20356,1731360000000
2017/10/02,20400,20411,20363,20401,1355840000000
2017/10/03,20475,20628,20438,20614,1450940000000
2017/10/04,20660,20689,20592,20627,1660050000000
2017/10/05,20650,20667,20602,20629,1378350000000
2017/10/06,20716,20721,20659,20691,1459790000000
2017/10/10,20680,20823,20663,20824,1485200000000
2017/10/11,20803,20898,20788,20881,1531580000000
2017/10/12,20958,20994,20917,20955,1536270000000
2017/10/13,20959,21211,20933,21155,1847950000000
2017/10/16,21221,21347,21187,21256,1801250000000
2017/10/17,21352,21393,21230,21336,1593640000000
2017/10/18,21374,21402,21317,21363,1357760000000
2017/10/19,21450,21503,21381,21449,1520380000000
2017/10/20,21390,21489,21363,21458,1522220000000
2017/10/23,21709,21723,21614,21697,1582070000000
2017/10/24,21670,21805,21646,21805,1571560000000
2017/10/25,21900,21921,21648,21708,1968430000000
2017/10/26,21698,21793,21688,21740,1590080000000
2017/10/27,21903,22016,21815,22008,1991180000000
2017/10/30,22047,22086,21921,22012,2371580000000
2017/10/31,21897,22020,21840,22012,1888010000000
2017/11/01,22144,22455,22130,22420,2056820000000
2017/11/02,22512,22540,22400,22539,1868480000000
2017/11/06,22612,22644,22435,22548,1938160000000
2017/11/07,22518,22953,22512,22938,1896650000000
2017/11/08,22849,22922,22759,22914,1868220000000
2017/11/09,22989,23382,22522,22869,2747750000000
2017/11/10,22580,22724,22511,22681,1890460000000
2017/11/13,22607,22607,22380,22381,1565730000000
2017/11/14,22342,22532,22323,22380,1735790000000
2017/11/15,22250,22305,22004,22028,2159180000000
2017/11/16,21975,22392,21972,22351,1774160000000
2017/11/17,22603,22757,22319,22397,1980210000000
2017/11/20,22279,22410,22215,22262,1454660000000
2017/11/21,22456,22563,22416,22416,1528300000000
2017/11/22,22601,22677,22513,22523,1603390000000
2017/11/24,22390,22567,22381,22551,1329640000000
2017/11/27,22657,22659,22423,22496,1372340000000
2017/11/28,22474,22580,22363,22486,1482180000000
2017/11/29,22613,22643,22537,22597,1701830000000
2017/11/30,22601,22748,22502,22725,2445570000000
2017/12/01,22916,22994,22675,22819,1627100000000
2017/12/04,22843,22864,22693,22707,1394430000000
2017/12/05,22595,22682,22522,22622,1477120000000
2017/12/06,22525,22528,22119,22177,1791740000000
2017/12/07,22317,22515,22317,22498,1528330000000
2017/12/08,22627,22819,22625,22811,2005300000000
2017/12/11,22894,22938,22787,22939,1420070000000
2017/12/12,22936,22994,22834,22866,1600620000000
2017/12/13,22879,22879,22697,22758,1900540000000
2017/12/14,22699,22786,22638,22694,1666820000000
2017/12/15,22621,22745,22478,22553,1844210000000
2017/12/18,22770,22927,22735,22902,1613630000000
2017/12/19,22961,22990,22862,22868,1458990000000
2017/12/20,22834,22923,22806,22892,1661240000000
2017/12/21,22852,22894,22728,22866,1451820000000
2017/12/22,22850,22908,22801,22903,1489220000000
2017/12/25,22909,22948,22870,22939,1056440000000
2017/12/26,22922,22950,22877,22893,1094890000000
2017/12/27,22854,22936,22854,22911,981240000000
2017/12/28,22912,22954,22736,22784,997360000000
2017/12/29,22831,22881,22753,22765,889150000000
2018/01/04,23073,23506,23065,23506,1690650000000
2018/01/05,23643,23730,23520,23715,1681440000000
2018/01/09,23948,23952,23789,23850,1663410000000
2018/01/10,23832,23864,23755,23788,1592600000000
2018/01/11,23656,23734,23601,23710,1582830000000
2018/01/12,23719,23743,23588,23653,1696190000000
2018/01/15,23827,23833,23685,23714,1421700000000
2018/01/16,23721,23962,23701,23952,1318170000000
2018/01/17,23783,23891,23739,23868,1541400000000
2018/01/18,24078,24084,23699,23763,1820750000000
2018/01/19,23854,23872,23735,23808,1392340000000
2018/01/22,23797,23816,23697,23816,1342980000000
2018/01/23,23924,24129,23916,24124,1415120000000
2018/01/24,24026,24072,23917,23941,1523560000000
2018/01/25,23750,23828,23649,23669,1563330000000
2018/01/26,23757,23797,23592,23632,1534270000000
2018/01/29,23707,23787,23580,23629,1326280000000
2018/01/30,23559,23581,23233,23292,1702720000000
2018/01/31,23205,23375,23092,23098,1820730000000
2018/02/01,23276,23492,23211,23486,1816560000000
2018/02/02,23361,23367,23122,23275,1702440000000
2018/02/05,22921,22967,22659,22682,1881890000000
2018/02/06,22267,22277,21078,21610,3155710000000
2018/02/07,22001,22353,21627,21645,2336290000000
2018/02/08,21721,21977,21649,21891,1820420000000
2018/02/09,21507,21510,21119,21383,2137480000000
2018/02/13,21633,21679,21211,21245,1962390000000
2018/02/14,21251,21371,20950,21154,1842290000000
2018/02/15,21384,21578,21308,21465,1571110000000
2018/02/16,21555,21866,21499,21720,1428880000000
2018/02/19,21903,22152,21858,22149,1290800000000
2018/02/20,22054,22063,21831,21925,1236820000000
2018/02/21,21942,22130,21836,21971,1382020000000
2018/02/22,21789,21799,21626,21736,1349480000000
2018/02/23,21789,21903,21741,21893,1198000000000
2018/02/26,22134,22226,22040,22154,1242540000000
2018/02/27,22391,22502,22325,22390,1329100000000
2018/02/28,22292,22380,22068,22068,1542290000000
2018/03/01,21901,21901,21645,21724,1518480000000
2018/03/02,21339,21366,21088,21182,1601000000000
2018/03/05,21047,21164,20937,21042,1510450000000
2018/03/06,21390,21551,21381,21418,1288810000000
2018/03/07,21261,21484,21201,21253,1467440000000
2018/03/08,21488,21488,21299,21368,1225760000000
2018/03/09,21594,21884,21357,21469,1750480000000
2018/03/12,21826,21971,21689,21824,1253600000000
2018/03/13,21742,21968,21700,21968,1221520000000
2018/03/14,21764,21881,21684,21777,1156090000000
2018/03/15,21704,21825,21555,21804,1174630000000
2018/03/16,21876,21879,21632,21677,1388060000000
2018/03/19,21537,21659,21366,21481,1206630000000
2018/03/20,21297,21384,21223,21381,1181680000000
2018/03/22,21352,21592,21349,21592,1385480000000
2018/03/23,21188,21188,20559,20618,1914380000000
2018/03/26,20423,20766,20347,20766,1577280000000
2018/03/27,20958,21317,20943,21317,1643850000000
2018/03/28,20893,21031,20776,21031,1412310000000
2018/03/29,21250,21298,20996,21159,1324420000000
2018/03/30,21392,21512,21311,21454,1140750000000
2018/04/02,21441,21597,21388,21389,956730000000
2018/04/03,21115,21333,21056,21292,1311810000000
2018/04/04,21415,21415,21238,21320,1519060000000
2018/04/05,21541,21737,21462,21645,1547780000000
2018/04/06,21633,21742,21550,21568,1469380000000
2018/04/09,21534,21737,21517,21678,1390230000000
2018/04/10,21599,21933,21542,21794,1468660000000
2018/04/11,21819,21837,21687,21687,1533200000000
2018/04/12,21657,21719,21591,21660,1310620000000
2018/04/13,21801,21917,21746,21779,1527660000000
2018/04/16,21843,21879,21775,21836,1310430000000
2018/04/17,21801,21889,21772,21848,1353460000000
2018/04/18,21929,22194,21914,22158,1458610000000
2018/04/19,22231,22360,22176,22191,1577190000000
2018/04/20,22148,22261,22076,22162,1424990000000
2018/04/23,22157,22204,22065,22088,1343830000000
2018/04/24,22228,22304,22149,22278,1469940000000
2018/04/25,22118,22228,22080,22215,1423460000000
2018/04/26,22278,22381,22265,22320,1520370000000
2018/04/27,22466,22495,22357,22468,1882120000000
2018/05/01,22453,22519,22411,22508,1771670000000
2018/05/02,22568,22568,22426,22473,1446030000000
2018/05/07,22513,22513,22350,22467,1475960000000
2018/05/08,22440,22566,22423,22509,1655800000000
2018/05/09,22463,22478,22364,22409,1727430000000
2018/05/10,22482,22530,22418,22497,1542440000000
2018/05/11,22573,22769,22545,22758,1662750000000
2018/05/14,22705,22894,22683,22866,1519880000000
2018/05/15,22889,22912,22805,22818,1730460000000
2018/05/16,22730,22796,22695,22717,1626720000000
2018/05/17,22820,22887,22799,22838,1473470000000
2018/05/18,22907,22954,22867,22930,1303100000000
2018/05/21,22937,23050,22935,23002,1293590000000
2018/05/22,23025,23031,22952,22960,1279640000000
2018/05/23,22868,22949,22649,22690,1487610000000
2018/05/24,22621,22644,22366,22437,1539240000000
2018/05/25,22380,22509,22318,22451,1333170000000
2018/05/28,22488,22547,22410,22481,1064000000000
2018/05/29,22431,22439,22240,22358,1311930000000
2018/05/30,22051,22079,21931,22019,1592610000000
2018/05/31,22163,22254,22098,22202,2264140000000
2018/06/01,22126,22316,22098,22171,1605990000000
2018/06/04,22365,22515,22355,22476,1482980000000
2018/06/05,22552,22602,22470,22540,1546480000000
2018/06/06,22520,22662,22498,22626,1389760000000
2018/06/07,22748,22856,22732,22823,1434150000000
2018/06/08,22799,22879,22694,22695,1610570000000
2018/06/11,22686,22856,22667,22804,1132040000000
2018/06/12,22977,23011,22797,22878,1238090000000
2018/06/13,22896,22993,22895,22966,1198570000000
2018/06/14,22842,22898,22738,22739,1497450000000
2018/06/15,22883,22885,22770,22852,1683940000000
2018/06/18,22806,22806,22601,22680,1352880000000
2018/06/19,22565,22618,22278,22278,1494630000000
2018/06/20,22338,22581,22167,22555,1590540000000
2018/06/21,22523,22782,22491,22693,1402510000000
2018/06/22,22456,22535,22414,22517,1594040000000
2018/06/25,22543,22556,22312,22338,1196250000000
2018/06/26,22160,22368,22104,22342,1354430000000
2018/06/27,22320,22356,22205,22272,1367130000000
2018/06/28,22195,22299,22038,22270,1400400000000
2018/06/29,22314,22332,22145,22304,1288240000000
2018/07/02,22233,22312,21784,21812,1372850000000
2018/07/03,21889,21927,21574,21786,1484260000000
2018/07/04,21679,21784,21604,21717,1311230000000
2018/07/05,21697,21751,21462,21547,1396090000000
2018/07/06,21647,21866,21642,21788,1393560000000
2018/07/09,21838,22105,21825,22052,1220880000000
2018/07/10,22215,22321,22196,22197,1522120000000
2018/07/11,22002,22044,21744,21932,1366640000000
2018/07/12,22036,22233,22019,22188,1192580000000
2018/07/13,22397,22692,22316,22597,1278360000000
2018/07/17,22605,22832,22575,22697,1403730000000
2018/07/18,22917,22949,22794,22794,1146040000000
2018/07/19,22871,22926,22761,22765,1206600000000
2018/07/20,22734,22869,22541,22698,1262020000000
2018/07/23,22480,22507,22341,22397,1399610000000
2018/07/24,22555,22555,22416,22510,1246500000000
2018/07/25,22594,22645,22547,22614,1138150000000
2018/07/26,22711,22717,22549,22587,1252810000000
2018/07/27,22646,22712,22593,22713,1381330000000
2018/07/30,22613,22631,22518,22545,1450780000000
2018/07/31,22472,22678,22352,22554,1972430000000
2018/08/01,22642,22775,22615,22747,1767250000000
2018/08/02,22676,22754,22464,22513,1642420000000
2018/08/03,22585,22613,22490,22525,1399490000000
2018/08/06,22536,22635,22486,22507,1350670000000
2018/08/07,22514,22666,22499,22663,1324120000000
2018/08/08,22666,22800,22610,22644,1449820000000
2018/08/09,22591,22648,22497,22598,1310090000000
2018/08/10,22606,22608,22272,22298,1507920000000
2018/08/13,22117,22124,21851,21857,1523640000000
2018/08/14,22053,22356,22047,22356,1206240000000
2018/08/15,22368,22380,22110,22204,1244760000000
2018/08/16,21980,22240,21871,22192,1546770000000
2018/08/17,22313,22340,22244,22270,1116290000000
2018/08/20,22267,22288,22150,22199,983220000000
2018/08/21,22110,22306,22053,22219,1067530000000
2018/08/22,22270,22390,22162,22363,1121330000000
2018/08/23,22420,22463,22377,22410,1081920000000
2018/08/24,22484,22602,22452,22602,983770000000
2018/08/27,22693,22838,22682,22800,1045830000000
2018/08/28,22967,23006,22813,22813,1195950000000
2018/08/29,22820,22968,22819,22848,1126790000000
2018/08/30,23020,23032,22832,22870,1399350000000
2018/08/31,22733,22890,22678,22865,1303020000000
2018/09/03,22819,22820,22684,22707,1083030000000
2018/09/04,22740,22753,22612,22697,1062390000000
2018/09/05,22663,22692,22570,22581,1234440000000
2018/09/06,22458,22535,22416,22488,1280360000000
2018/09/07,22351,22372,22172,22307,1309610000000
2018/09/10,22253,22396,22249,22373,1116120000000
2018/09/11,22469,22667,22457,22665,1344100000000
2018/09/12,22702,22709,22522,22605,1458790000000
2018/09/13,22657,22858,22643,22821,1346750000000
2018/09/14,23035,23105,22965,23095,1732430000000
2018/09/18,23042,23481,23039,23421,1581440000000
2018/09/19,23754,23842,23672,23673,1602350000000
2018/09/20,23752,23781,23582,23675,1673420000000
2018/09/21,23848,23971,23764,23870,2078350000000
2018/09/25,23881,23950,23808,23940,1835540000000
2018/09/26,23846,24033,23833,24034,1489300000000
2018/09/27,23946,24089,23778,23797,1390560000000
2018/09/28,24080,24286,24021,24120,1557260000000
2018/10/01,24173,24306,24123,24246,1210870000000
2018/10/02,24376,24448,24217,24270,1473980000000
2018/10/03,24219,24260,24030,24111,1463690000000
2018/10/04,24242,24247,23923,23976,1590020000000
2018/10/05,23781,23928,23730,23784,1489050000000
2018/10/09,23550,23587,23442,23469,1568500000000
2018/10/10,23538,23589,23373,23506,1345060000000
2018/10/11,23043,23051,22459,22591,1952480000000
2018/10/12,22323,22711,22323,22695,1688840000000
2018/10/15,22501,22520,22261,22271,1400170000000
2018/10/16,22298,22549,22269,22549,1260210000000
2018/10/17,22806,22959,22765,22841,1290680000000
2018/10/18,22871,22873,22637,22658,1228550000000
2018/10/19,22342,22551,22212,22532,1281650000000
2018/10/22,22374,22672,22271,22615,1135060000000
2018/10/23,22404,22410,21993,22011,1405280000000
2018/10/24,22167,22207,21911,22091,1417530000000
2018/10/25,21676,21703,21204,21269,1641300000000
2018/10/26,21440,21476,20971,21185,1699000000000
2018/10/29,21323,21465,21109,21150,1373320000000
2018/10/30,21049,21568,21035,21457,2207900000000
2018/10/31,21569,21920,21530,21920,1811910000000
2018/11/01,21906,21906,21628,21688,1782490000000
2018/11/02,21761,22308,21751,22244,1818120000000
2018/11/05,22002,22051,21865,21899,1489910000000
2018/11/06,22018,22160,21994,22148,1342590000000
2018/11/07,22189,22444,21996,22086,1683240000000
2018/11/08,22446,22583,22421,22487,1537790000000
2018/11/09,22471,22494,22226,22250,1447290000000
2018/11/12,22121,22324,22046,22270,1231610000000
2018/11/13,21885,21892,21484,21811,1609870000000
2018/11/14,21851,21990,21764,21846,1432010000000
2018/11/15,21670,21818,21613,21804,1500540000000
2018/11/16,21804,21873,21663,21680,1424660000000
2018/11/19,21679,21852,21665,21821,1286460000000
2018/11/20,21582,21687,21526,21583,1430700000000
2018/11/21,21286,21555,21243,21508,1392580000000
2018/11/22,21582,21684,21484,21647,1201620000000
2018/11/26,21647,21838,21622,21812,1339080000000
2018/11/27,21967,22006,21816,21952,1325980000000
2018/11/28,22036,22216,22032,22177,1388340000000
2018/11/29,22360,22437,22241,22263,1302760000000
2018/11/30,22274,22362,22231,22351,1819250000000
2018/12/03,22629,22698,22550,22575,1340780000000
2018/12/04,22533,22576,22033,22036,1551870000000
2018/12/05,21755,21979,21708,21919,1463160000000
2018/12/06,21766,21805,21307,21502,1510210000000
2018/12/07,21643,21734,21506,21679,1371890000000
2018/12/10,21319,21365,21169,21220,1383090000000
2018/12/11,21273,21279,21062,21148,1476310000000
2018/12/12,21348,21631,21320,21603,1480330000000
2018/12/13,21755,21871,21675,21816,1332790000000
2018/12/14,21638,21751,21353,21375,1871530000000
2018/12/17,21391,21563,21363,21506,1362100000000
2018/12/18,21275,21330,21101,21115,1625130000000
2018/12/19,21107,21168,20880,20988,1739030000000
2018/12/20,20779,20841,20282,20393,1821220000000
2018/12/21,20310,20334,20006,20166,2067310000000
2018/12/25,19785,19785,19117,19156,1716560000000
2018/12/26,19302,19530,18948,19327,1388260000000
2018/12/27,19706,20211,19701,20078,1576420000000
2018/12/28,19957,20084,19900,20015,1195060000000
2019/01/04,19655,19692,19241,19562,1551300000000
2019/01/07,19944,20266,19920,20039,1424270000000
2019/01/08,20224,20347,20106,20204,1552570000000
2019/01/09,20366,20494,20331,20427,1307510000000
2019/01/10,20270,20345,20101,20164,1308920000000
2019/01/11,20296,20389,20294,20360,1295950000000
2019/01/15,20264,20571,20204,20555,1345820000000
2019/01/16,20575,20580,20323,20442,1209620000000
2019/01/17,20544,20571,20342,20402,1148730000000
2019/01/18,20472,20682,20454,20666,1150950000000
2019/01/21,20848,20892,20678,20719,1127740000000
2019/01/22,20770,20805,20558,20623,1010930000000
2019/01/23,20453,20686,20438,20594,1151880000000
2019/01/24,20506,20620,20467,20575,1149430000000
2019/01/25,20598,20844,20598,20774,1330940000000
2019/01/28,20746,20759,20624,20649,1065020000000
2019/01/29,20555,20673,20406,20665,1182290000000
2019/01/30,20701,20706,20527,20557,1438960000000
2019/01/31,20832,20869,20682,20773,1359570000000
2019/02/01,20797,20929,20741,20788,1418070000000
2019/02/04,20831,20922,20823,20884,1328950000000
2019/02/05,20960,20981,20823,20844,1228360000000
2019/02/06,20928,20971,20860,20874,1250150000000
2019/02/07,20812,20844,20665,20751,1250750000000
2019/02/08,20510,20562,20315,20333,1463830000000
2019/02/12,20442,20885,20428,20864,1460750000000
2019/02/13,21029,21213,20992,21144,1413200000000
2019/02/14,21147,21235,21102,21140,1345170000000
2019/02/15,21051,21051,20853,20901,1277820000000
2019/02/18,21217,21306,21189,21282,1190240000000
2019/02/19,21256,21344,21217,21303,1066050000000
2019/02/20,21346,21494,21315,21431,1168360000000
2019/02/21,21422,21553,21318,21464,1203200000000
2019/02/22,21376,21451,21348,21426,988670000000
2019/02/25,21567,21590,21505,21528,1057310000000
2019/02/26,21556,21610,21405,21449,1078470000000
2019/02/27,21504,21578,21492,21557,1235740000000
2019/02/28,21536,21536,21364,21385,1301220000000
2019/03/01,21490,21641,21490,21603,1148480000000
2019/03/04,21812,21860,21740,21822,1127810000000
2019/03/05,21712,21798,21659,21726,1106420000000
2019/03/06,21659,21684,21550,21597,1016770000000
2019/03/07,21456,21472,21402,21456,1254430000000
2019/03/08,21339,21359,20993,21026,1672830000000
2019/03/11,21062,21145,20938,21125,1045960000000
2019/03/12,21361,21568,21348,21504,1231520000000
2019/03/13,21425,21474,21198,21290,1225710000000
2019/03/14,21474,21522,21287,21287,1132320000000
2019/03/15,21376,21521,21374,21451,1483290000000
2019/03/18,21576,21612,21500,21585,1033920000000
2019/03/19,21558,21585,21425,21567,1104010000000
2019/03/20,21548,21614,21499,21609,1145160000000
2019/03/22,21713,21713,21542,21627,1365590000000
2019/03/25,21267,21275,20911,20977,1327840000000
2019/03/26,21174,21460,21174,21428,1741040000000
2019/03/27,21353,21388,21242,21379,1311280000000
2019/03/28,21191,21191,20974,21034,1224780000000
2019/03/29,21228,21267,21149,21206,1174750000000
2019/04/01,21500,21682,21471,21509,1419190000000
2019/04/02,21744,21744,21490,21505,1343530000000
2019/04/03,21563,21722,21489,21713,1292070000000
2019/04/04,21724,21787,21662,21725,1220510000000
2019/04/05,21743,21839,21731,21808,1137740000000
2019/04/08,21900,21900,21740,21762,1057430000000
2019/04/09,21750,21811,21698,21803,1105440000000
2019/04/10,21579,21687,21571,21688,1122750000000
2019/04/11,21662,21721,21627,21711,1111710000000
2019/04/12,21782,21878,21698,21871,1101780000000
2019/04/15,22122,22211,22102,22169,1225620000000
2019/04/16,22108,22261,22095,22222,1050750000000
2019/04/17,22236,22345,22185,22278,1270950000000
2019/04/18,22274,22305,22058,22090,1188260000000
2019/04/19,22238,22250,22162,22201,928980000000
2019/04/22,22188,22280,22099,22218,869500000000
2019/04/23,22241,22268,22119,22260,995230000000
2019/04/24,22356,22362,22125,22200,1213580000000
2019/04/25,22183,22334,22155,22308,1221020000000
2019/04/26,22167,22270,22073,22259,1318050000000
2019/05/07,22184,22190,21875,21924,1564940000000
2019/05/08,21628,21639,21514,21603,1496230000000
2019/05/09,21492,21559,21315,21402,1689630000000
2019/05/10,21431,21584,21175,21345,1740570000000
2019/05/13,21180,21277,21127,21191,1420970000000
2019/05/14,20870,21077,20751,21067,1733880000000
2019/05/15,21112,21191,20968,21189,1524040000000
2019/05/16,21153,21153,20951,21063,1461580000000
2019/05/17,21246,21398,21199,21250,1349520000000
2019/05/20,21305,21430,21282,21302,1178240000000
2019/05/21,21211,21318,21160,21272,1254550000000
2019/05/22,21373,21404,21266,21283,1203340000000
2019/05/23,21180,21209,21072,21151,1155420000000
2019/05/24,20980,21117,20922,21117,1246710000000
2019/05/27,21148,21232,21113,21183,901640000000
2019/05/28,21187,21297,21177,21260,1719620000000
2019/05/29,21055,21071,20884,21003,1322290000000
2019/05/30,20881,20942,20809,20943,1113330000000
2019/05/31,20785,20823,20581,20601,1438860000000
2019/06/03,20327,20438,20305,20411,1228940000000
2019/06/04,20435,20464,20289,20409,1239310000000
2019/06/05,20667,20800,20646,20776,1280950000000
2019/06/06,20745,20842,20745,20774,1068410000000
2019/06/07,20859,20907,20816,20885,1005950000000
2019/06/10,21095,21166,21077,21134,1163070000000
2019/06/11,21099,21227,21066,21204,1002370000000
2019/06/12,21130,21259,21118,21130,1056780000000
2019/06/13,21040,21111,20932,21032,1174850000000
2019/06/14,21049,21119,20971,21117,1068480000000
2019/06/17,21094,21185,21044,21124,934710000000
2019/06/18,21111,21153,20924,20973,1023840000000
2019/06/19,21223,21358,21213,21334,1167630000000
2019/06/20,21417,21491,21377,21463,1017960000000
2019/06/21,21487,21497,21221,21259,1536660000000
2019/06/24,21223,21317,21185,21286,830010000000
2019/06/25,21238,21313,21114,21194,1029850000000
2019/06/26,21067,21129,21035,21087,935010000000
2019/06/27,21156,21338,21123,21338,1204360000000
2019/06/28,21282,21324,21199,21276,1151270000000
2019/07/01,21566,21758,21559,21730,1202440000000
2019/07/02,21699,21784,21697,21754,1002030000000
2019/07/03,21684,21708,21566,21638,1008900000000
2019/07/04,21740,21755,21672,21702,822010000000
2019/07/05,21703,21746,21647,21746,933150000000
2019/07/08,21665,21672,21499,21534,1078380000000
2019/07/09,21598,21687,21508,21565,988630000000
2019/07/10,21499,21601,21488,21533,1138680000000
2019/07/11,21547,21649,21532,21644,1140810000000
2019/07/12,21720,21720,21589,21686,1029740000000
2019/07/16,21644,21655,21514,21535,1040650000000
2019/07/17,21474,21488,21380,21469,1023950000000
2019/07/18,21336,21347,20993,21046,1288720000000
2019/07/19,21146,21474,21121,21467,1109850000000
2019/07/22,21394,21445,21317,21417,905300000000
2019/07/23,21425,21686,21411,21621,919510000000
2019/07/24,21726,21744,21677,21710,995050000000
2019/07/25,21715,21823,21715,21757,986700000000
2019/07/26,21700,21709,21590,21658,926180000000
2019/07/29,21627,21652,21518,21617,962640000000
2019/07/30,21681,21792,21665,21709,1140410000000
2019/07/31,21526,21589,21476,21522,1350880000000
2019/08/01,21361,21556,21288,21541,1356430000000
2019/08/02,21211,21211,20960,21087,1544040000000
2019/08/05,20909,20941,20514,20720,1474470000000
2019/08/06,20325,20607,20110,20585,1523420000000
2019/08/07,20548,20570,20406,20517,1283070000000
2019/08/08,20529,20682,20462,20593,1187060000000
2019/08/09,20758,20782,20676,20685,1185640000000
2019/08/13,20432,20503,20369,20455,1282490000000
2019/08/14,20669,20697,20581,20655,1063240000000
2019/08/15,20324,20419,20184,20406,1138610000000
2019/08/16,20323,20465,20300,20419,993920000000
2019/08/19,20590,20633,20502,20563,904990000000
2019/08/20,20605,20684,20582,20677,924720000000
2019/08/21,20489,20626,20482,20619,901290000000
2019/08/22,20706,20731,20584,20628,974350000000
2019/08/23,20579,20719,20579,20711,907100000000
2019/08/26,20325,20329,20173,20261,1140280000000
2019/08/27,20467,20529,20439,20456,1042960000000
2019/08/28,20474,20511,20433,20479,957990000000
2019/08/29,20500,20520,20361,20461,991160000000
2019/08/30,20641,20748,20633,20704,1207620000000
2019/09/02,20625,20667,20614,20620,802810000000
2019/09/03,20581,20662,20578,20625,841230000000
2019/09/04,20578,20694,20554,20649,900110000000
2019/09/05,20800,21164,20787,21086,1348030000000
2019/09/06,21201,21241,21145,21200,1148020000000
2019/09/09,21214,21333,21182,21318,964370000000
2019/09/10,21363,21438,21350,21392,1417200000000
2019/09/11,21466,21619,21437,21598,1685490000000
2019/09/12,21761,21825,21743,21760,1582300000000
2019/09/13,21907,22019,21820,21988,1800680000000
2019/09/17,21947,22041,21878,22001,1336280000000
2019/09/18,22014,22027,21942,21960,1221050000000
2019/09/19,22064,22255,22003,22044,1333140000000
2019/09/20,22130,22204,22047,22079,1458590000000
2019/09/24,22095,22168,22077,22099,1208330000000
2019/09/25,21961,22036,21906,22020,1127890000000
2019/09/26,22160,22184,21986,22048,1427070000000
2019/09/27,21934,21955,21733,21879,1353660000000
2019/09/30,21793,21811,21666,21756,1262550000000
2019/10/01,21831,21938,21811,21885,1165640000000
2019/10/02,21744,21795,21725,21778,1171640000000
2019/10/03,21422,21437,21277,21341,1223810000000
2019/10/04,21316,21410,21276,21410,1103450000000
2019/10/07,21445,21475,21328,21375,921370000000
2019/10/08,21494,21629,21483,21587,1113280000000
2019/10/09,21359,21467,21359,21456,1045240000000
2019/10/10,21456,21601,21308,21552,1069110000000
2019/10/11,21749,21820,21658,21799,1197140000000
2019/10/15,22063,22219,22049,22207,1284080000000
2019/10/16,22479,22615,22434,22473,1427310000000
2019/10/17,22451,22522,22424,22452,1114780000000
2019/10/18,22528,22649,22466,22492,1082280000000
2019/10/21,22541,22581,22515,22549,891680000000
2019/10/23,22619,22648,22457,22625,1189610000000
2019/10/24,22725,22780,22704,22751,1195210000000
2019/10/25,22753,22819,22715,22800,1100850000000
2019/10/28,22854,22896,22830,22867,1014650000000
2019/10/29,22950,23008,22935,22974,1324650000000
2019/10/30,22953,22961,22827,22843,1792560000000
2019/10/31,22910,22988,22875,22927,1462150000000
2019/11/01,22730,22852,22705,22850,1256120000000
2019/11/05,23118,23328,23090,23252,1660760000000
2019/11/06,23343,23352,23246,23304,1388520000000
2019/11/07,23283,23336,23253,23330,1267750000000
2019/11/08,23550,23591,23313,23392,1626800000000
2019/11/11,23422,23471,23323,23332,1241280000000
2019/11/12,23336,23545,23312,23520,1259760000000
2019/11/13,23439,23452,23270,23320,1215320000000
2019/11/14,23325,23360,23062,23142,1400400000000
2019/11/15,23160,23340,23121,23303,1365140000000
2019/11/18,23304,23420,23271,23417,1223470000000
2019/11/19,23366,23389,23244,23293,1204080000000
2019/11/20,23176,23303,23086,23149,1353720000000
2019/11/21,23071,23108,22726,23039,1342570000000
2019/11/22,23030,23219,23030,23113,1117110000000
2019/11/25,23292,23347,23255,23292,1011010000000
2019/11/26,23451,23608,23350,23373,1622990000000
2019/11/27,23452,23507,23418,23438,1077870000000
2019/11/28,23458,23482,23367,23409,925010000000
2019/11/29,23497,23498,23273,23294,994500000000
2019/12/02,23388,23562,23378,23530,946960000000
2019/12/03,23231,23388,23186,23379,1074750000000
2019/12/04,23186,23203,23044,23135,1085040000000
2019/12/05,23292,23363,23259,23300,1153890000000
2019/12/06,23347,23412,23338,23354,1054920000000
2019/12/09,23544,23544,23360,23431,1085180000000
2019/12/10,23372,23449,23336,23410,1047110000000
2019/12/11,23421,23438,23333,23392,1151700000000
2019/12/12,23449,23468,23360,23425,1144420000000
2019/12/13,23810,24050,23775,24023,1935740000000
2019/12/16,23955,24036,23950,23952,1134440000000
2019/12/17,24091,24091,23996,24066,1289900000000
2019/12/18,24023,24046,23919,23934,1276260000000
2019/12/19,23911,23945,23835,23864,1161780000000
2019/12/20,23893,23908,23746,23817,1319490000000
2019/12/23,23921,23923,23810,23821,955780000000
2019/12/24,23839,23853,23796,23830,865850000000
2019/12/25,23813,23824,23783,23782,776590000000
2019/12/26,23787,23931,23775,23925,821860000000
2019/12/27,23953,23967,23837,23838,825780000000
2019/12/30,23770,23782,23656,23657,796620000000
2020/01/06,23319,23365,23148,23205,1219710000000
2020/01/07,23320,23577,23299,23576,1157950000000
2020/01/08,23217,23303,22951,23205,1453110000000
2020/01/09,23530,23767,23506,23740,1146560000000
2020/01/10,23813,23903,23761,23851,1091600000000
2020/01/14,23969,24059,23951,24025,1234060000000
2020/01/15,23923,23997,23875,23917,1122530000000
2020/01/16,23960,23975,23905,23933,1033010000000
2020/01/17,24103,24115,24013,24041,1079350000000
2020/01/20,24080,24108,24061,24084,821120000000
2020/01/21,24072,24081,23843,23865,912590000000
2020/01/22,23835,24040,23831,24031,1001800000000
2020/01/23,23843,23910,23779,23795,1049060000000
2020/01/24,23850,23869,23755,23827,965450000000
2020/01/27,23427,23463,23317,23344,1180460000000
2020/01/28,23126,23243,23115,23216,1171250000000
2020/01/29,23309,23392,23214,23379,1032950000000
2020/01/30,23284,23318,22892,22978,1367710000000
2020/01/31,23148,23421,23139,23205,1376920000000
2020/02/03,22874,23023,22775,22972,1357970000000
2020/02/04,22881,23118,22854,23085,1276630000000
2020/02/05,23351,23414,23241,23320,1329700000000
2020/02/06,23641,23995,23625,23874,1654420000000
2020/02/07,23899,23943,23759,23828,1264630000000
2020/02/10,23631,23788,23621,23686,1161460000000
2020/02/12,23741,23869,23693,23861,1395770000000
2020/02/13,23849,23908,23784,23828,1235410000000
2020/02/14,23714,23738,23603,23688,1351750000000
2020/02/17,23489,23561,23335,23523,1165910000000
2020/02/18,23398,23402,23133,23194,1153250000000
2020/02/19,23329,23468,23234,23401,1133970000000
2020/02/20,23666,23806,23426,23479,1174030000000
2020/02/21,23427,23588,23378,23387,1155390000000
2020/02/25,22949,22950,22335,22605,1778020000000
2020/02/26,22374,22456,22127,22426,1677170000000
2020/02/27,22255,22272,21844,21948,1811410000000
2020/02/28,21518,21528,20916,21143,2420870000000
2020/03/02,20849,21593,20834,21344,2035150000000
2020/03/03,21651,21719,21082,21082,1764900000000
2020/03/04,20897,21245,20862,21100,1507670000000
2020/03/05,21399,21399,21220,21329,1383840000000
2020/03/06,21009,21061,20613,20750,1749640000000
2020/03/09,20343,20347,19472,19699,2518470000000
2020/03/10,19474,19970,18891,19867,2570370000000
2020/03/11,19758,19974,19392,19416,1996320000000
2020/03/12,19064,19142,18339,18560,2583520000000
2020/03/13,18183,18184,16690,17431,3459380000000
2020/03/16,17586,17785,16914,17002,2345690000000
2020/03/17,16726,17557,16378,17012,3065170000000
2020/03/18,17154,17396,16698,16727,2718810000000
2020/03/19,16995,17160,16358,16553,3017690000000
2020/03/23,16570,17049,16480,16888,2697390000000
2020/03/24,17206,18100,17197,18092,2256860000000
2020/03/25,18446,19564,18446,19547,2280280000000
2020/03/26,19234,19240,18512,18665,2049670000000
2020/03/27,19021,19389,18832,19389,2368330000000
2020/03/30,18884,19084,18578,19085,1924440000000
2020/03/31,19181,19336,18834,18917,1862450000000
2020/04/01,18686,18784,17871,18065,1661420000000
2020/04/02,17934,18132,17707,17819,1644260000000
2020/04/03,17951,18059,17646,17820,1499110000000
2020/04/06,17857,18672,17802,18576,1679620000000
2020/04/07,18878,19162,18553,18950,1703510000000
2020/04/08,19047,19454,18730,19353,1681560000000
2020/04/09,19376,19406,19158,19346,1368890000000
2020/04/10,19500,19500,19235,19499,1370220000000
2020/04/13,19312,19355,19014,19043,1056070000000
2020/04/14,19150,19705,19093,19639,1306890000000
2020/04/15,19589,19660,19465,19550,1489030000000
2020/04/16,19311,19362,19154,19290,1298590000000
2020/04/17,19575,19922,19554,19897,1409050000000
2020/04/20,19689,19784,19611,19669,1065420000000
2020/04/21,19479,19529,19193,19281,1280090000000
2020/04/22,19109,19137,18858,19138,1247290000000
2020/04/23,19313,19429,19221,19429,1172620000000
2020/04/24,19331,19352,19175,19262,1327100000000
2020/04/27,19410,19819,19410,19783,1247400000000
2020/04/28,19776,19841,19638,19771,1233550000000
2020/04/30,20105,20365,20084,20194,1717660000000
2020/05/01,19991,20000,19551,19619,1364650000000
2020/05/07,19468,19720,19448,19675,1351340000000
2020/05/08,19972,20179,19894,20179,1372930000000
2020/05/11,20333,20534,20285,20391,1313550000000
2020/05/12,20413,20457,20293,20366,1241020000000
2020/05/13,20140,20329,20056,20267,1319250000000
2020/05/14,20140,20185,19902,19915,1329770000000
2020/05/15,20149,20198,19832,20037,1293290000000
2020/05/18,20097,20197,19999,20134,1210820000000
2020/05/19,20469,20659,20433,20433,1589510000000
2020/05/20,20454,20684,20454,20595,1214460000000
2020/05/21,20692,20734,20503,20552,1148290000000
2020/05/22,20583,20615,20334,20388,1229190000000
2020/05/25,20653,20741,20584,20742,1002570000000
2020/05/26,20927,21328,20918,21271,1472460000000
2020/05/27,21249,21475,21142,21419,1763300000000
2020/05/28,21612,21926,21580,21916,2087530000000
2020/05/29,21807,21955,21710,21878,2383860000000
2020/06/01,21910,22161,21898,22062,1201680000000
2020/06/02,22175,22401,22118,22326,1335730000000
2020/06/03,22649,22818,22462,22614,1552480000000
2020/06/04,22885,22907,22501,22696,1516320000000
2020/06/05,22613,22865,22563,22864,1392170000000
2020/06/08,23121,23178,23028,23178,1703070000000
2020/06/09,23135,23185,22933,23091,1521580000000
2020/06/10,22939,23175,22900,23125,1257740000000
2020/06/11,22848,22939,22466,22473,1679560000000
2020/06/12,22082,22350,21786,22305,1904160000000
2020/06/15,22135,22251,21529,21531,1363920000000
2020/06/16,21912,22624,21899,22582,1554760000000
2020/06/17,22517,22536,22318,22456,1176980000000
2020/06/18,22363,22432,22125,22355,1111220000000
2020/06/19,22515,22523,22352,22479,1555930000000
2020/06/22,22353,22575,22311,22437,936210000000
2020/06/23,22636,22693,22257,22549,1192800000000
2020/06/24,22541,22663,22479,22534,1169420000000
2020/06/25,22287,22423,22165,22260,1305370000000
2020/06/26,22424,22589,22408,22512,1137950000000
2020/06/29,22255,22281,21969,21995,1249620000000
2020/06/30,22335,22448,22273,22288,1240840000000
2020/07/01,22338,22360,22039,22122,1184970000000
2020/07/02,22182,22267,22072,22146,1357250000000
2020/07/03,22266,22312,22154,22306,982460000000
2020/07/06,22341,22734,22325,22714,1025390000000
2020/07/07,22649,22742,22540,22615,1093600000000
2020/07/08,22481,22667,22438,22439,1155960000000
2020/07/09,22442,22679,22434,22529,1175820000000
2020/07/10,22534,22563,22285,22290,1337910000000
2020/07/13,22591,22784,22561,22785,1215910000000
2020/07/14,22631,22677,22538,22587,1096420000000
2020/07/15,22817,22965,22800,22946,1245710000000
2020/07/16,22907,22925,22739,22770,1475640000000
2020/07/17,22807,22857,22643,22696,999710000000
2020/07/20,22772,22788,22580,22717,918930000000
2020/07/21,22789,22925,22780,22884,1151710000000
2020/07/22,22791,22855,22732,22752,1085370000000
2020/07/27,22495,22741,22429,22716,1160560000000
2020/07/28,22735,22842,22646,22657,1088360000000
2020/07/29,22543,22584,22366,22397,1186390000000
2020/07/30,22489,22506,22334,22339,1300420000000
2020/07/31,22267,22295,21710,21710,1678990000000
2020/08/03,21947,22214,21919,22195,1322650000000
2020/08/04,22379,22603,22379,22574,1403410000000
2020/08/05,22479,22554,22356,22515,1204800000000
2020/08/06,22471,22587,22362,22418,1079780000000
2020/08/07,22433,22436,22204,22330,1189380000000
2020/08/11,22505,22760,22497,22750,1627140000000
2020/08/12,22747,22874,22670,22844,1491130000000
2020/08/13,23123,23316,23111,23250,1411490000000
2020/08/14,23323,23338,23222,23289,1055530000000
2020/08/17,23189,23248,23068,23097,819220000000
2020/08/18,23097,23128,22948,23051,974250000000
2020/08/19,22997,23149,22953,23111,915330000000
2020/08/20,23003,23078,22851,22881,945670000000
2020/08/21,23022,23135,22920,22920,910280000000
2020/08/24,22913,23012,22862,22986,776140000000
2020/08/25,23242,23431,23225,23297,1209890000000
2020/08/26,23257,23348,23203,23291,859980000000
2020/08/27,23311,23323,23177,23209,923620000000
2020/08/28,23232,23376,22594,22883,1666100000000
2020/08/31,23147,23342,23102,23140,1341480000000
2020/09/01,23089,23206,23047,23138,1027690000000
2020/09/02,23261,23287,23170,23247,976480000000
2020/09/03,23524,23580,23426,23466,1021670000000
2020/09/04,23130,23257,23098,23205,1074800000000
2020/09/07,23145,23218,23086,23090,1062610000000
2020/09/08,23188,23277,23129,23274,1074850000000
2020/09/09,22966,23059,22878,23033,1360450000000
2020/09/10,23193,23250,23134,23235,1151190000000
2020/09/11,23114,23412,23114,23406,1297760000000
2020/09/14,23431,23582,23429,23559,1176310000000
2020/09/15,23438,23477,23351,23455,1171720000000
2020/09/16,23425,23506,23397,23476,1168860000000
2020/09/17,23416,23446,23272,23319,1108940000000
2020/09/18,23321,23398,23290,23360,1499740000000
2020/09/23,23245,23370,23154,23346,1519830000000
2020/09/24,23215,23234,23039,23088,1247820000000
2020/09/25,23217,23272,23154,23205,1274790000000
2020/09/28,23391,23516,23303,23512,1462670000000
2020/09/29,23410,23622,23347,23539,1140650000000
2020/09/30,23478,23522,23170,23185,1442360000000
2020/10/02,23294,23365,22951,23030,1484640000000
2020/10/05,23254,23377,23252,23312,1046470000000
2020/10/06,23420,23441,23331,23434,989710000000
2020/10/07,23272,23432,23272,23423,932030000000
2020/10/08,23506,23701,23477,23647,1029230000000
2020/10/09,23713,23725,23552,23620,1013620000000
2020/10/12,23588,23597,23501,23559,850070000000
2020/10/13,23667,23667,23490,23602,870810000000
2020/10/14,23545,23656,23518,23627,967370000000
2020/10/15,23548,23581,23458,23507,888310000000
2020/10/16,23478,23538,23382,23411,917580000000
2020/10/19,23543,23707,23543,23671,862590000000
2020/10/20,23587,23674,23518,23567,923690000000
2020/10/21,23615,23702,23611,23639,943310000000
2020/10/22,23525,23555,23436,23474,863170000000
2020/10/23,23558,23587,23469,23517,967670000000
2020/10/26,23520,23572,23475,23494,808390000000
2020/10/27,23376,23485,23232,23486,945340000000
2020/10/28,23372,23451,23334,23419,1183050000000
2020/10/29,23170,23374,23170,23332,1012370000000
2020/10/30,23320,23320,22948,22977,1313800000000
2020/11/02,23110,23370,23096,23295,1187770000000
2020/11/04,23619,23801,23505,23695,1302330000000
2020/11/05,23776,24112,23756,24105,1344740000000
2020/11/06,24076,24389,24039,24325,1232120000000
2020/11/09,24568,24962,24541,24840,1227870000000
2020/11/10,25087,25279,24833,24906,2065350000000
2020/11/11,25145,25401,25145,25350,1683200000000
2020/11/12,25439,25587,25316,25521,1348000000000
2020/11/13,25405,25456,25215,25386,1333730000000
2020/11/16,25652,25928,25640,25907,1407490000000
2020/11/17,26043,26057,25851,26015,1373440000000
2020/11/18,25860,25882,25656,25728,1187060000000
2020/11/19,25628,25650,25474,25634,1368240000000
2020/11/20,25486,25555,25425,25527,1088960000000
2020/11/24,25901,26261,25901,26166,1398690000000
2020/11/25,26468,26706,26258,26297,1549460000000
2020/11/26,26255,26560,26255,26537,1164000000000
2020/11/27,26530,26672,26419,26645,1529500000000
2020/11/30,26830,26834,26405,26434,2487790000000
2020/12/01,26624,26852,26618,26788,1331220000000
2020/12/02,26884,26889,26695,26801,1428810000000
2020/12/03,26740,26868,26719,26809,1233430000000
2020/12/04,26697,26799,26646,26751,1147900000000
2020/12/07,26894,26894,26500,26547,1166470000000
2020/12/08,26380,26523,26327,26467,1029910000000
2020/12/09,26526,26826,26520,26818,1096090000000
2020/12/10,26688,26852,26639,26756,1182160000000
2020/12/11,26732,26819,26553,26653,1282180000000
2020/12/14,26659,26870,26648,26732,1153450000000
2020/12/15,26683,26736,26605,26688,1118250000000
2020/12/16,26835,26874,26717,26757,1110100000000
2020/12/17,26744,26843,26676,26807,1140950000000
2020/12/18,26775,26824,26707,26763,1296990000000
2020/12/21,26834,26905,26533,26714,1042100000000
2020/12/22,26559,26639,26361,26436,1072650000000
2020/12/23,26580,26585,26414,26525,991010000000
2020/12/24,26635,26764,26605,26668,878400000000
2020/12/25,26708,26716,26638,26657,694800000000
2020/12/28,26691,26854,26664,26854,1009140000000
2020/12/29,26936,27602,26921,27568,1020870000000
2020/12/30,27559,27572,27338,27444,878190000000
2021/01/04,27575,27602,27042,27258,956480000000
2021/01/05,27151,27279,27073,27159,989530000000
2021/01/06,27102,27196,27002,27056,1179580000000
2021/01/07,27340,27624,27340,27490,1513720000000
2021/01/08,27720,28139,27667,28139,1389160000000
2021/01/12,28004,28287,27899,28164,1335470000000
2021/01/13,28140,28503,28133,28457,1239560000000
2021/01/14,28442,28979,28411,28698,1413740000000
2021/01/15,28777,28820,28477,28519,1249260000000
2021/01/18,28238,28349,28111,28242,908540000000
2021/01/19,28405,28720,28373,28633,1006770000000
2021/01/20,28798,28801,28402,28523,1150000000000
2021/01/21,28710,28846,28677,28757,1144470000000
2021/01/22,28580,28698,28527,28631,1217520000000
2021/01/25,28698,28822,28566,28822,1016450000000
2021/01/26,28696,28740,28527,28546,1070610000000
2021/01/27,28665,28754,28542,28635,1159580000000
2021/01/28,28169,28360,27975,28197,2137650000000
2021/02/01,27649,28107,27649,28091,1145530000000
2021/02/02,28207,28379,28089,28362,1168980000000
2021/02/03,28482,28669,28402,28647,1374380000000
2021/02/04,28557,28600,28325,28342,1344430000000
2021/02/05,28631,28785,28548,28779,1537270000000
2021/02/08,28831,29400,28817,29389,1585950000000
2021/02/09,29435,29585,29350,29506,1469180000000
